Workbook

Sheet counts
A1: Index_pegRNA | B1: Target actual | C1: Rep1_B20 | D1: Rep1_B40 | E1: Rep1_Bulk | F1: Rep1_T20 | G1: Rep1_T40 | H1: Rep2_B20 | I1: Rep2_B40 | J1: Rep2_Bulk | K1: Rep2_T20 | L1: Rep2_T40 | M1: Rep3_B20 | N1: Rep3_B40 | O1: Rep3_Bulk | P1: Rep3_T20 | Q1: Rep3_T40 | R1: Rep4_B20 | S1: Rep4_B40 | T1: Rep4_Bulk | U1: Rep4_T20 | V1: Rep4_T40
A2: 1 | B2: G137K | C2: 1300 | D2: 1207 | E2: 984 | F2: 1590 | G2: 775 | H2: 669 | I2: 489 | J2: 335 | K2: 916 | L2: 546 | M2: 1358 | N2: 667 | O2: 688 | P2: 503 | Q2: 321 | R2: 1080 | S2: 426 | T2: 1286 | U2: 366 | V2: 1028
A3: 2 | B3: G137N | C3: 494 | D3: 397 | E3: 217 | F3: 459 | G3: 169 | H3: 1243 | I3: 864 | J3: 323 | K3: 1725 | L3: 1310 | M3: 1061 | N3: 782 | O3: 680 | P3: 245 | Q3: 315 | R3: 317 | S3: 164 | T3: 290 | U3: 59 | V3: 408
A4: 3 | B4: G137T | C4: 1640 | D4: 2162 | E4: 831 | F4: 1266 | G4: 856 | H4: 818 | I4: 1068 | J4: 493 | K4: 2035 | L4: 867 | M4: 1252 | N4: 817 | O4: 177 | P4: 420 | Q4: 370 | R4: 2227 | S4: 554 | T4: 1842 | U4: 571 | V4: 2276
A5: 4 | B5: G137R | C5: 1342 | D5: 1404 | E5: 779 | F5: 979 | G5: 875 | H5: 1025 | I5: 754 | J5: 386 | K5: 1267 | L5: 1010 | M5: 1076 | N5: 1165 | O5: 565 | P5: 538 | Q5: 411 | R5: 1802 | S5: 552 | T5: 1453 | U5: 713 | V5: 1564
A6: 5 | B6: G137S | C6: 1404 | D6: 1655 | E6: 994 | F6: 1458 | G6: 927 | H6: 1333 | I6: 1205 | J6: 584 | K6: 1670 | L6: 1101 | M6: 1497 | N6: 1160 | O6: 535 | P6: 608 | Q6: 396 | R6: 675 | S6: 331 | T6: 669 | U6: 194 | V6: 582
A7: 6 | B7: G137I | C7: 1480 | D7: 1841 | E7: 655 | F7: 1111 | G7: 930 | H7: 1741 | I7: 1407 | J7: 709 | K7: 2197 | L7: 1774 | M7: 721 | N7: 566 | O7: 255 | P7: 291 | Q7: 196 | R7: 1005 | S7: 399 | T7: 1165 | U7: 438 | V7: 1217
A8: 7 | B8: G137M | C8: 1367 | D8: 2098 | E8: 1316 | F8: 1390 | G8: 693 | H8: 875 | I8: 1129 | J8: 648 | K8: 969 | L8: 876 | M8: 2355 | N8: 1873 | O8: 875 | P8: 1034 | Q8: 800 | R8: 1163 | S8: 352 | T8: 1026 | U8: 444 | V8: 1238
A9: 8 | B9: G137Q | C9: 766 | D9: 1135 | E9: 489 | F9: 875 | G9: 526 | H9: 1365 | I9: 1136 | J9: 248 | K9: 1873 | L9: 1205 | M9: 1479 | N9: 791 | O9: 326 | P9: 381 | Q9: 278 | R9: 719 | S9: 320 | T9: 587 | U9: 312 | V9: 865
A10: 9 | B10: G137H | C10: 683 | D10: 994 | E10: 556 | F10: 705 | G10: 501 | H10: 1028 | I10: 911 | J10: 440 | K10: 1382 | L10: 726 | M10: 1653 | N10: 1219 | O10: 616 | P10: 632 | Q10: 312 | R10: 886 | S10: 319 | T10: 1061 | U10: 402 | V10: 1114
A11: 10 | B11: G137P | C11: 2677 | D11: 2470 | E11: 1152 | F11: 2175 | G11: 1409 | H11: 1140 | I11: 1045 | J11: 666 | K11: 1625 | L11: 1112 | M11: 2482 | N11: 1850 | O11: 1118 | P11: 988 | Q11: 779 | R11: 1325 | S11: 428 | T11: 918 | U11: 321 | V11: 793
A12: 11 | B12: G137L | C12: 1358 | D12: 1688 | E12: 872 | F12: 1390 | G12: 571 | H12: 909 | I12: 782 | J12: 318 | K12: 1307 | L12: 756 | M12: 1499 | N12: 1194 | O12: 697 | P12: 810 | Q12: 331 | R12: 1555 | S12: 756 | T12: 1595 | U12: 846 | V12: 1806
A13: 12 | B13: G137E | C13: 1603 | D13: 1870 | E13: 894 | F13: 984 | G13: 557 | H13: 1824 | I13: 1484 | J13: 932 | K13: 3040 | L13: 1332 | M13: 1541 | N13: 1104 | O13: 678 | P13: 354 | Q13: 311 | R13: 507 | S13: 133 | T13: 440 | U13: 176 | V13: 674
... A1505: 1556 | B1505: S213R | C1505: 225 | D1505: 119 | E1505: 48 | F1505: 284 | G1505: 114 | H1505: 212 | I1505: 105 | J1505: 115 | K1505: 164 | L1505: 221 | M1505: 563 | N1505: 536 | O1505: 341 | P1505: 94 | Q1505: 168 | R1505: 302 | S1505: 146 | T1505: 284 | U1505: 77 | V1505: 216
A1506: 1557 | B1506: 0 | C1506: 167 | D1506: 417 | E1506: 187 | F1506: 295 | G1506: 158 | H1506: 155 | I1506: 20 | J1506: 34 | K1506: 70 | L1506: 63 | M1506: 171 | N1506: 118 | O1506: 59 | P1506: 80 | Q1506: 108 | R1506: 1162 | S1506: 516 | T1506: 1135 | U1506: 468 | V1506: 1361
A1507: 1558 | B1507: S213I | C1507: 354 | D1507: 454 | E1507: 204 | F1507: 731 | G1507: 191 | H1507: 140 | I1507: 256 | J1507: 0 | K1507: 111 | L1507: 87 | M1507: 316 | N1507: 177 | O1507: 123 | P1507: 203 | Q1507: 140 | R1507: 464 | S1507: 130 | T1507: 386 | U1507: 329 | V1507: 444
A1508: 1559 | B1508: S213M | C1508: 594 | D1508: 577 | E1508: 345 | F1508: 1116 | G1508: 680 | H1508: 353 | I1508: 78 | J1508: 64 | K1508: 345 | L1508: 112 | M1508: 156 | N1508: 89 | O1508: 0 | P1508: 18 | Q1508: 43 | R1508: 295 | S1508: 93 | T1508: 447 | U1508: 62 | V1508: 264
A1509: 1560 | B1509: S213Q | C1509: 288 | D1509: 244 | E1509: 48 | F1509: 232 | G1509: 141 | H1509: 84 | I1509: 124 | J1509: 74 | K1509: 185 | L1509: 213 | M1509: 955 | N1509: 812 | O1509: 234 | P1509: 320 | Q1509: 312 | R1509: 520 | S1509: 207 | T1509: 232 | U1509: 167 | V1509: 480
A1510: 1561 | B1510: S213H | C1510: 99 | D1510: 197 | E1510: 136 | F1510: 408 | G1510: 196 | H1510: 201 | I1510: 294 | J1510: 200 | K1510: 440 | L1510: 218 | M1510: 481 | N1510: 313 | O1510: 139 | P1510: 174 | Q1510: 152 | R1510: 210 | S1510: 63 | T1510: 229 | U1510: 0 | V1510: 199
A1511: 1562 | B1511: S213P | C1511: 1031 | D1511: 1051 | E1511: 172 | F1511: 634 | G1511: 531 | H1511: 219 | I1511: 189 | J1511: 21 | K1511: 263 | L1511: 198 | M1511: 1735 | N1511: 742 | O1511: 511 | P1511: 330 | Q1511: 127 | R1511: 356 | S1511: 120 | T1511: 163 | U1511: 70 | V1511: 228
A1512: 1563 | B1512: S213L | C1512: 292 | D1512: 709 | E1512: 409 | F1512: 1084 | G1512: 456 | H1512: 219 | I1512: 149 | J1512: 88 | K1512: 913 | L1512: 366 | M1512: 60 | N1512: 64 | O1512: 92 | P1512: 66 | Q1512: 29 | R1512: 129 | S1512: 120 | T1512: 478 | U1512: 149 | V1512: 262
A1513: 1564 | B1513: S213E | C1513: 318 | D1513: 307 | E1513: 200 | F1513: 314 | G1513: 266 | H1513: 432 | I1513: 265 | J1513: 0 | K1513: 138 | L1513: 7 | M1513: 242 | N1513: 200 | O1513: 37 | P1513: 103 | Q1513: 98 | R1513: 82 | S1513: 88 | T1513: 141 | U1513: 38 | V1513: 186
A1514: 1565 | B1514: S213D | C1514: 429 | D1514: 393 | E1514: 136 | F1514: 265 | G1514: 112 | H1514: 96 | I1514: 70 | J1514: 84 | K1514: 157 | L1514: 26 | M1514: 283 | N1514: 434 | O1514: 212 | P1514: 151 | Q1514: 133 | R1514: 174 | S1514: 78 | T1514: 80 | U1514: 83 | V1514: 203
A1515: 1566 | B1515: S213A | C1515: 293 | D1515: 371 | E1515: 306 | F1515: 376 | G1515: 313 | H1515: 327 | I1515: 349 | J1515: 248 | K1515: 698 | L1515: 503 | M1515: 552 | N1515: 251 | O1515: 173 | P1515: 208 | Q1515: 152 | R1515: 532 | S1515: 263 | T1515: 743 | U1515: 409 | V1515: 927
A1516: 1567 | B1516: S213G | C1516: 640 | D1516: 716 | E1516: 542 | F1516: 590 | G1516: 507 | H1516: 34 | I1516: 39 | J1516: 0 | K1516: 122 | L1516: 97 | M1516: 207 | N1516: 134 | O1516: 0 | P1516: 195 | Q1516: 134 | R1516: 157 | S1516: 113 | T1516: 168 | U1516: 72 | V1516: 304
A1517: 1568 | B1517: S213V | C1517: 552 | D1517: 483 | E1517: 276 | F1517: 735 | G1517: 428 | H1517: 61 | I1517: 49 | J1517: 50 | K1517: 158 | L1517: 44 | M1517: 356 | N1517: 463 | O1517: 258 | P1517: 348 | Q1517: 182 | R1517: 274 | S1517: 59 | T1517: 113 | U1517: 39 | V1517: 235
A1518: 1569 | B1518: S213_ | C1518: 483 | D1518: 471 | E1518: 70 | F1518: 70 | G1518: 93 | H1518: 216 | I1518: 177 | J1518: 86 | K1518: 139 | L1518: 93 | M1518: 201 | N1518: 193 | O1518: 90 | P1518: 31 | Q1518: 33 | R1518: 1552 | S1518: 393 | T1518: 720 | U1518: 111 | V1518: 775
... A1647: 1698 | B1647: G219F | C1647: 923 | D1647: 1041 | E1647: 544 | F1647: 925 | G1647: 600 | H1647: 416 | I1647: 531 | J1647: 630 | K1647: 833 | L1647: 406 | M1647: 801 | N1647: 645 | O1647: 404 | P1647: 402 | Q1647: 351 | R1647: 551 | S1647: 141 | T1647: 627 | U1647: 232 | V1647: 511
A1649: Sum | C1649: =SUM(C2:C1647) -> 1219730 | D1649: =SUM(D2:D1647) -> 1432237 | E1649: =SUM(E2:E1647) -> 668464 | F1649: =SUM(F2:F1647) -> 1198022 | G1649: =SUM(G2:G1647) -> 768580 | H1649: =SUM(H2:H1647) -> 1006133 | I1649: =SUM(I2:I1647) -> 853354 | J1649: =SUM(J2:J1647) -> 412628 | ... V1649: =SUM(V2:V1647) -> 1207087

Sheet edited counts
A1: Index_pegRNA | B1: Target actual | C1: Rep1_B20 | D1: Rep1_B40 | E1: Rep1_Bulk | F1: Rep1_T20 | G1: Rep1_T40 | H1: Rep2_B20 | I1: Rep2_B40 | J1: Rep2_Bulk | K1: Rep2_T20 | L1: Rep2_T40 | M1: Rep3_B20 | N1: Rep3_B40 | O1: Rep3_Bulk | P1: Rep3_T20 | Q1: Rep3_T40 | R1: Rep4_B20 | S1: Rep4_B40 | T1: Rep4_Bulk | U1: Rep4_T20 | V1: Rep4_T40
A2: 1 | B2: G137K | C2: =counts!C2*edit_fraction!C2 -> 149.78261 | D2: =counts!D2*edit_fraction!D2 -> 82.348928 | E2: =counts!E2*edit_fraction!E2 -> 59.147541 | F2: =counts!F2*edit_fraction!F2 -> 143.31633 | G2: =counts!G2*edit_fraction!G2 -> 117.31651 | H2: =counts!H2*edit_fraction!H2 -> 68.82716 | I2: =counts!I2*edit_fraction!I2 -> 51.204188 | J2: =counts!J2*edit_fraction!J2 -> 5.234375 | ... V2: =counts!V2*edit_fraction!V2 -> 140.04638
A3: 2 | B3: G137N | C3: =counts!C3*edit_fraction!C3 -> 76.620408 | D3: =counts!D3*edit_fraction!D3 -> 68.234375 | E3: =counts!E3*edit_fraction!E3 -> 28.12963 | F3: =counts!F3*edit_fraction!F3 -> 106.79703 | G3: =counts!G3*edit_fraction!G3 -> 21.392405 | H3: =counts!H3*edit_fraction!H3 -> 229.2418 | I3: =counts!I3*edit_fraction!I3 -> 179.7707 | J3: =counts!J3*edit_fraction!J3 -> 41.613497 | ... V3: =counts!V3*edit_fraction!V3 -> 100.90323
A4: 3 | B4: G137T | C4: =counts!C4*edit_fraction!C4 -> 455.00603 | D4: =counts!D4*edit_fraction!D4 -> 455.04952 | E4: =counts!E4*edit_fraction!E4 -> 129.31988 | F4: =counts!F4*edit_fraction!F4 -> 256.45659 | G4: =counts!G4*edit_fraction!G4 -> 251.93311 | H4: =counts!H4*edit_fraction!H4 -> 212.73993 | I4: =counts!I4*edit_fraction!I4 -> 250.46904 | J4: =counts!J4*edit_fraction!J4 -> 108.87083 | ... V4: =counts!V4*edit_fraction!V4 -> 961.69014
A5: 4 | B5: G137R | C5: =counts!C5*edit_fraction!C5 -> 79.835694 | D5: =counts!D5*edit_fraction!D5 -> 101.41761 | E5: =counts!E5*edit_fraction!E5 -> 16.297071 | F5: =counts!F5*edit_fraction!F5 -> 70.821277 | G5: =counts!G5*edit_fraction!G5 -> 20.348837 | H5: =counts!H5*edit_fraction!H5 -> 38.278008 | I5: =counts!I5*edit_fraction!I5 -> 82.630137 | J5: =counts!J5*edit_fraction!J5 -> 14.475 | ... V5: =counts!V5*edit_fraction!V5 -> 224.22939
A6: 5 | B6: G137S | C6: =counts!C6*edit_fraction!C6 -> 207.72718 | D6: =counts!D6*edit_fraction!D6 -> 223.57018 | E6: =counts!E6*edit_fraction!E6 -> 109.43119 | F6: =counts!F6*edit_fraction!F6 -> 223.68577 | G6: =counts!G6*edit_fraction!G6 -> 142.85959 | H6: =counts!H6*edit_fraction!H6 -> 335.37261 | I6: =counts!I6*edit_fraction!I6 -> 355.28866 | J6: =counts!J6*edit_fraction!J6 -> 145.68602 | ... V6: =counts!V6*edit_fraction!V6 -> 147.36061
A7: 6 | B7: G137I | C7: =counts!C7*edit_fraction!C7 -> 295.62814 | D7: =counts!D7*edit_fraction!D7 -> 415.36902 | E7: =counts!E7*edit_fraction!E7 -> 84.442509 | F7: =counts!F7*edit_fraction!F7 -> 345.28663 | G7: =counts!G7*edit_fraction!G7 -> 157.41648 | H7: =counts!H7*edit_fraction!H7 -> 223.7842 | I7: =counts!I7*edit_fraction!I7 -> 177.19077 | J7: =counts!J7*edit_fraction!J7 -> 82.987277 | ... V7: =counts!V7*edit_fraction!V7 -> 221.4761
A8: 7 | B8: G137M | C8: =counts!C8*edit_fraction!C8 -> 66.955102 | D8: =counts!D8*edit_fraction!D8 -> 178.55319 | E8: =counts!E8*edit_fraction!E8 -> 69.003745 | F8: =counts!F8*edit_fraction!F8 -> 117.46479 | G8: =counts!G8*edit_fraction!G8 -> 25.477941 | H8: =counts!H8*edit_fraction!H8 -> 62.5 | I8: =counts!I8*edit_fraction!I8 -> 130.46222 | J8: =counts!J8*edit_fraction!J8 -> 67.5 | ... V8: =counts!V8*edit_fraction!V8 -> 103.16667
A9: 8 | B9: G137Q | C9: =counts!C9*edit_fraction!C9 -> 34.818182 | D9: =counts!D9*edit_fraction!D9 -> 18.380567 | E9: =counts!E9*edit_fraction!E9 -> 13.71028 | F9: =counts!F9*edit_fraction!F9 -> 24.857955 | G9: =counts!G9*edit_fraction!G9 -> 5.1568627 | H9: =counts!H9*edit_fraction!H9 -> 0 | I9: =counts!I9*edit_fraction!I9 -> 18.933333 | J9: =counts!J9*edit_fraction!J9 -> 19.076923 | ... V9: =counts!V9*edit_fraction!V9 -> 7.6099707
A10: 9 | B10: G137H | C10: =counts!C10*edit_fraction!C10 -> 132.14565 | D10: =counts!D10*edit_fraction!D10 -> 247.42113 | E10: =counts!E10*edit_fraction!E10 -> 59.946092 | F10: =counts!F10*edit_fraction!F10 -> 194.48276 | G10: =counts!G10*edit_fraction!G10 -> 143.14286 | H10: =counts!H10*edit_fraction!H10 -> 175.42662 | I10: =counts!I10*edit_fraction!I10 -> 168.64533 | J10: =counts!J10*edit_fraction!J10 -> 68.349515 | ... V10: =counts!V10*edit_fraction!V10 -> 274.34328
A11: 10 | B11: G137P | C11: =counts!C11*edit_fraction!C11 -> 1055.3044 | D11: =counts!D11*edit_fraction!D11 -> 673.41046 | E11: =counts!E11*edit_fraction!E11 -> 391.14419 | F11: =counts!F11*edit_fraction!F11 -> 646.25 | G11: =counts!G11*edit_fraction!G11 -> 542.96724 | H11: =counts!H11*edit_fraction!H11 -> 261.30982 | I11: =counts!I11*edit_fraction!I11 -> 373.30498 | J11: =counts!J11*edit_fraction!J11 -> 174.92218 | ... V11: =counts!V11*edit_fraction!V11 -> 198.57877
A12: 11 | B12: G137L | C12: =counts!C12*edit_fraction!C12 -> 47.077333 | D12: =counts!D12*edit_fraction!D12 -> 133.26316 | E12: =counts!E12*edit_fraction!E12 -> 120.9711 | F12: =counts!F12*edit_fraction!F12 -> 108.71508 | G12: =counts!G12*edit_fraction!G12 -> 47.583333 | H12: =counts!H12*edit_fraction!H12 -> 68.808765 | I12: =counts!I12*edit_fraction!I12 -> 47.80786 | J12: =counts!J12*edit_fraction!J12 -> 14.587156 | ... V12: =counts!V12*edit_fraction!V12 -> 55.229358
A13: 12 | B13: G137E | C13: =counts!C13*edit_fraction!C13 -> 211.3408 | D13: =counts!D13*edit_fraction!D13 -> 287.69231 | E13: =counts!E13*edit_fraction!E13 -> 34.057143 | F13: =counts!F13*edit_fraction!F13 -> 109.52962 | G13: =counts!G13*edit_fraction!G13 -> 77.934156 | H13: =counts!H13*edit_fraction!H13 -> 558.16393 | I13: =counts!I13*edit_fraction!I13 -> 361.20321 | J13: =counts!J13*edit_fraction!J13 -> 467.8062 | ... V13: =counts!V13*edit_fraction!V13 -> 86
... A1505: 1556 | B1505: S213R | C1505: =counts!C1505*edit_fraction!C1505 -> 120 | D1505: =counts!D1505*edit_fraction!D1505 -> 29.75 | E1505: =counts!E1505*edit_fraction!E1505 -> 48 | F1505: =counts!F1505*edit_fraction!F1505 -> 93.164021 | G1505: =counts!G1505*edit_fraction!G1505 -> 59.408451 | H1505: =counts!H1505*edit_fraction!H1505 -> 212 | I1505: =counts!I1505*edit_fraction!I1505 -> 36.944444 | J1505: =counts!J1505*edit_fraction!J1505 -> 115 | ... V1505: =counts!V1505*edit_fraction!V1505 -> 137.27103
A1506: 1557 | B1506: 0 | C1506: =counts!C1506*edit_fraction!C1506 -> 35.785714 | D1506: =counts!D1506*edit_fraction!D1506 -> 65.528571 | E1506: =counts!E1506*edit_fraction!E1506 -> 0 | F1506: =counts!F1506*edit_fraction!F1506 -> 38.478261 | G1506: =counts!G1506*edit_fraction!G1506 -> 18.588235 | H1506: =counts!H1506*edit_fraction!H1506 -> 4.6268657 | I1506: =counts!I1506*edit_fraction!I1506 -> 20 | J1506: =counts!J1506*edit_fraction!J1506 -> 0 | ... V1506: =counts!V1506*edit_fraction!V1506 -> 176.20089
A1507: 1558 | B1507: S213I | C1507: =counts!C1507*edit_fraction!C1507 -> 317.37931 | D1507: =counts!D1507*edit_fraction!D1507 -> 286.36923 | E1507: =counts!E1507*edit_fraction!E1507 -> 37.578947 | F1507: =counts!F1507*edit_fraction!F1507 -> 536.06667 | G1507: =counts!G1507*edit_fraction!G1507 -> 191 | H1507: =counts!H1507*edit_fraction!H1507 -> 140 | I1507: =counts!I1507*edit_fraction!I1507 -> 21.333333 | J1507: =counts!J1507*edit_fraction!J1507 -> 0 | ... V1507: =counts!V1507*edit_fraction!V1507 -> 60.257143
A1508: 1559 | B1508: S213M | C1508: =counts!C1508*edit_fraction!C1508 -> 594 | D1508: =counts!D1508*edit_fraction!D1508 -> 478.52994 | E1508: =counts!E1508*edit_fraction!E1508 -> 265.81967 | F1508: =counts!F1508*edit_fraction!F1508 -> 963.65132 | G1508: =counts!G1508*edit_fraction!G1508 -> 587.02413 | H1508: =counts!H1508*edit_fraction!H1508 -> 141.80342 | I1508: =counts!I1508*edit_fraction!I1508 -> 36.111111 | J1508: =counts!J1508*edit_fraction!J1508 -> 12.8 | ... V1508: =counts!V1508*edit_fraction!V1508 -> 264
A1509: 1560 | B1509: S213Q | C1509: =counts!C1509*edit_fraction!C1509 -> 0 | D1509: =counts!D1509*edit_fraction!D1509 -> 0 | E1509: =counts!E1509*edit_fraction!E1509 -> 0 | F1509: =counts!F1509*edit_fraction!F1509 -> 0 | G1509: =counts!G1509*edit_fraction!G1509 -> 0 | H1509: =counts!H1509*edit_fraction!H1509 -> 0 | I1509: =counts!I1509*edit_fraction!I1509 -> 0 | J1509: =counts!J1509*edit_fraction!J1509 -> 0 | ... V1509: =counts!V1509*edit_fraction!V1509 -> 0
A1510: 1561 | B1510: S213H | C1510: =counts!C1510*edit_fraction!C1510 -> 0 | D1510: =counts!D1510*edit_fraction!D1510 -> 0 | E1510: =counts!E1510*edit_fraction!E1510 -> 0 | F1510: =counts!F1510*edit_fraction!F1510 -> 0 | G1510: =counts!G1510*edit_fraction!G1510 -> 0 | H1510: =counts!H1510*edit_fraction!H1510 -> 0 | I1510: =counts!I1510*edit_fraction!I1510 -> 0 | J1510: =counts!J1510*edit_fraction!J1510 -> 0 | ... V1510: =counts!V1510*edit_fraction!V1510 -> 0
A1511: 1562 | B1511: S213P | C1511: =counts!C1511*edit_fraction!C1511 -> 847.57055 | D1511: =counts!D1511*edit_fraction!D1511 -> 867.96067 | E1511: =counts!E1511*edit_fraction!E1511 -> 100.33333 | F1511: =counts!F1511*edit_fraction!F1511 -> 574.27536 | G1511: =counts!G1511*edit_fraction!G1511 -> 464.625 | H1511: =counts!H1511*edit_fraction!H1511 -> 184.78125 | I1511: =counts!I1511*edit_fraction!I1511 -> 30.7125 | J1511: =counts!J1511*edit_fraction!J1511 -> 21 | ... V1511: =counts!V1511*edit_fraction!V1511 -> 33.25
A1512: 1563 | B1512: S213L | C1512: =counts!C1512*edit_fraction!C1512 -> 48.666667 | D1512: =counts!D1512*edit_fraction!D1512 -> 70.19802 | E1512: =counts!E1512*edit_fraction!E1512 -> 87.642857 | F1512: =counts!F1512*edit_fraction!F1512 -> 355.10345 | G1512: =counts!G1512*edit_fraction!G1512 -> 342 | H1512: =counts!H1512*edit_fraction!H1512 -> 2.6707317 | I1512: =counts!I1512*edit_fraction!I1512 -> 41.388889 | J1512: =counts!J1512*edit_fraction!J1512 -> 88 | ... V1512: =counts!V1512*edit_fraction!V1512 -> 131
A1513: 1564 | B1513: S213E | C1513: =counts!C1513*edit_fraction!C1513 -> 28.058824 | D1513: =counts!D1513*edit_fraction!D1513 -> 11.013453 | E1513: =counts!E1513*edit_fraction!E1513 -> 7.7669903 | F1513: =counts!F1513*edit_fraction!F1513 -> 27.453552 | G1513: =counts!G1513*edit_fraction!G1513 -> 14.860335 | H1513: =counts!H1513*edit_fraction!H1513 -> 139.85612 | I1513: =counts!I1513*edit_fraction!I1513 -> 27.279412 | J1513: =counts!J1513*edit_fraction!J1513 -> 0 | ... V1513: =counts!V1513*edit_fraction!V1513 -> 89.28
A1514: 1565 | B1514: S213D | C1514: =counts!C1514*edit_fraction!C1514 -> 420.42 | D1514: =counts!D1514*edit_fraction!D1514 -> 361.30645 | E1514: =counts!E1514*edit_fraction!E1514 -> 136 | F1514: =counts!F1514*edit_fraction!F1514 -> 225.25 | G1514: =counts!G1514*edit_fraction!G1514 -> 74.666667 | H1514: =counts!H1514*edit_fraction!H1514 -> 91.428571 | I1514: =counts!I1514*edit_fraction!I1514 -> 33.703704 | J1514: =counts!J1514*edit_fraction!J1514 -> 0 | ... V1514: =counts!V1514*edit_fraction!V1514 -> 77.744681
A1515: 1566 | B1515: S213A | C1515: =counts!C1515*edit_fraction!C1515 -> 55.809524 | D1515: =counts!D1515*edit_fraction!D1515 -> 106.43443 | E1515: =counts!E1515*edit_fraction!E1515 -> 48.475248 | F1515: =counts!F1515*edit_fraction!F1515 -> 70.943396 | G1515: =counts!G1515*edit_fraction!G1515 -> 54.85567 | H1515: =counts!H1515*edit_fraction!H1515 -> 154.58182 | I1515: =counts!I1515*edit_fraction!I1515 -> 187.14493 | J1515: =counts!J1515*edit_fraction!J1515 -> 0 | ... V1515: =counts!V1515*edit_fraction!V1515 -> 505.13174
A1516: 1567 | B1516: S213G | C1516: =counts!C1516*edit_fraction!C1516 -> 263.21503 | D1516: =counts!D1516*edit_fraction!D1516 -> 334.73646 | E1516: =counts!E1516*edit_fraction!E1516 -> 178.64126 | F1516: =counts!F1516*edit_fraction!F1516 -> 314.98008 | G1516: =counts!G1516*edit_fraction!G1516 -> 194.91076 | H1516: =counts!H1516*edit_fraction!H1516 -> 34 | I1516: =counts!I1516*edit_fraction!I1516 -> 28.08 | J1516: =counts!J1516*edit_fraction!J1516 -> 0 | ... V1516: =counts!V1516*edit_fraction!V1516 -> 126.23729
A1517: 1568 | B1517: S213V | C1517: =counts!C1517*edit_fraction!C1517 -> 99.510204 | D1517: =counts!D1517*edit_fraction!D1517 -> 143.79389 | E1517: =counts!E1517*edit_fraction!E1517 -> 65.606557 | F1517: =counts!F1517*edit_fraction!F1517 -> 283.23248 | G1517: =counts!G1517*edit_fraction!G1517 -> 119.84 | H1517: =counts!H1517*edit_fraction!H1517 -> 57.1875 | I1517: =counts!I1517*edit_fraction!I1517 -> 27.222222 | J1517: =counts!J1517*edit_fraction!J1517 -> 50 | ... V1517: =counts!V1517*edit_fraction!V1517 -> 167.34848
A1518: 1569 | B1518: S213_ | C1518: =counts!C1518*edit_fraction!C1518 -> 78.627907 | D1518: =counts!D1518*edit_fraction!D1518 -> 47.835938 | E1518: =counts!E1518*edit_fraction!E1518 -> 4.1176471 | F1518: =counts!F1518*edit_fraction!F1518 -> 21.875 | G1518: =counts!G1518*edit_fraction!G1518 -> 16.173913 | H1518: =counts!H1518*edit_fraction!H1518 -> 91.636364 | I1518: =counts!I1518*edit_fraction!I1518 -> 41.647059 | J1518: =counts!J1518*edit_fraction!J1518 -> 18.695652 | ... V1518: =counts!V1518*edit_fraction!V1518 -> 486.27451
... A1647: 1698 | B1647: G219F | C1647: =counts!C1647*edit_fraction!C1647 -> 34.934263 | D1647: =counts!D1647*edit_fraction!D1647 -> 47.767405 | E1647: =counts!E1647*edit_fraction!E1647 -> 0 | F1647: =counts!F1647*edit_fraction!F1647 -> 88.721137 | G1647: =counts!G1647*edit_fraction!G1647 -> 14.035088 | H1647: =counts!H1647*edit_fraction!H1647 -> 32.261224 | I1647: =counts!I1647*edit_fraction!I1647 -> 0 | J1647: =counts!J1647*edit_fraction!J1647 -> 0 | ... V1647: =counts!V1647*edit_fraction!V1647 -> 1.5531915
A1649: Sum | C1649: =SUM(C2:C1647) -> 145159.93 | D1649: =SUM(D2:D1647) -> 173776.11 | E1649: =SUM(E2:E1647) -> 66257.835 | F1649: =SUM(F2:F1647) -> 137564.02 | G1649: =SUM(G2:G1647) -> 86521.02 | H1649: =SUM(H2:H1647) -> 111234.69 | I1649: =SUM(I2:I1647) -> 95161.976 | J1649: =SUM(J2:J1647) -> 47904.976 | ... V1649: =SUM(V2:V1647) -> 133675.02
A1650: Overall edit fraction | C1650: =C1649/counts!C1649 -> 0.11900989 | D1650: =D1649/counts!D1649 -> 0.12133195 | E1650: =E1649/counts!E1649 -> 0.099119527 | F1650: =F1649/counts!F1649 -> 0.11482596 | G1650: =G1649/counts!G1649 -> 0.11257256 | H1650: =H1649/counts!H1649 -> 0.11055665 | I1650: =I1649/counts!I1649 -> 0.11151524 | J1650: =J1649/counts!J1649 -> 0.11609725 | ... V1650: =V1649/counts!V1649 -> 0.11074182

Sheet edit_fraction
A1: Index_pegRNA | B1: Target actual | C1: Rep1_B20 | D1: Rep1_B40 | E1: Rep1_Bulk | F1: Rep1_T20 | G1: Rep1_T40 | H1: Rep2_B20 | I1: Rep2_B40 | J1: Rep2_Bulk | K1: Rep2_T20 | L1: Rep2_T40 | M1: Rep3_B20 | N1: Rep3_B40 | O1: Rep3_Bulk | P1: Rep3_T20 | Q1: Rep3_T40 | R1: Rep4_B20 | S1: Rep4_B40 | T1: Rep4_Bulk | U1: Rep4_T20 | V1: Rep4_T40
A2: 1 | B2: G137K | C2: 0.11521739 | D2: 0.068226121 | E2: 0.06010929 | F2: 0.090136054 | G2: 0.15137615 | H2: 0.10288066 | I2: 0.10471204 | J2: 0.015625 | K2: 0.071428571 | L2: 0.16969697 | M2: 0.064371257 | N2: 0.076335878 | O2: 0.067961165 | P2: 0.060836502 | Q2: 0.036585366 | R2: 0.2 | S2: 0.234375 | T2: 0.083011583 | U2: 0.13970588 | V2: 0.13623188
A3: 2 | B3: G137N | C3: 0.15510204 | D3: 0.171875 | E3: 0.12962963 | F3: 0.23267327 | G3: 0.12658228 | H3: 0.18442623 | I3: 0.20806794 | J3: 0.12883436 | K3: 0.10504775 | L3: 0.15533981 | M3: 0.16034483 | N3: 0.12688172 | O3: 0.069478908 | P3: 0.11290323 | Q3: 0.30487805 | R3: 0.3220339 | S3: 0.21621622 | T3: 0.14876033 | U3: 1 | V3: 0.24731183
A4: 3 | B4: G137T | C4: 0.2774427 | D4: 0.21047619 | E4: 0.1556196 | F4: 0.20257235 | G4: 0.29431438 | H4: 0.26007326 | I4: 0.23452158 | J4: 0.22083333 | K4: 0.17165899 | L4: 0.22702703 | M4: 0.36610879 | N4: 0.2439759 | O4: 0.21052632 | P4: 0.15168539 | Q4: 0.12849162 | R4: 0.55838926 | S4: 0.42285714 | T4: 0.48466258 | U4: 0.43317972 | V4: 0.42253521
A5: 4 | B5: G137R | C5: 0.059490085 | D5: 0.072234763 | E5: 0.020920502 | F5: 0.072340426 | G5: 0.023255814 | H5: 0.037344398 | I5: 0.10958904 | J5: 0.0375 | K5: 0.036290323 | L5: 0.059190031 | M5: 0.057692308 | N5: 0.047619048 | O5: 0.055045872 | P5: 0.063063063 | Q5: 0.10588235 | R5: 0.08994709 | S5: 0.12264151 | T5: 0.068728522 | U5: 0.14583333 | V5: 0.14336918
A6: 5 | B6: G137S | C6: 0.14795383 | D6: 0.13508772 | E6: 0.11009174 | F6: 0.15341959 | G6: 0.15410959 | H6: 0.25159236 | I6: 0.29484536 | J6: 0.24946237 | K6: 0.34036939 | L6: 0.34701987 | M6: 0.12510785 | N6: 0.13788487 | O6: 0.1383812 | P6: 0.12093023 | Q6: 0.11656442 | R6: 0.18119266 | S6: 0.2764977 | T6: 0.1459695 | U6: 0.40939597 | V6: 0.25319693
A7: 6 | B7: G137I | C7: 0.19974874 | D7: 0.22562141 | E7: 0.12891986 | F7: 0.31078905 | G7: 0.16926503 | H7: 0.12853774 | I7: 0.12593516 | J7: 0.11704835 | K7: 0.13456221 | L7: 0.13940724 | M7: 0.15691489 | N7: 0.17687075 | O7: 0.083333333 | P7: 0.31927711 | Q7: 0 | R7: 0.13129103 | S7: 0.26666667 | T7: 0.22459893 | U7: 0.16742081 | V7: 0.18198529
A8: 7 | B8: G137M | C8: 0.048979592 | D8: 0.085106383 | E8: 0.052434457 | F8: 0.084507042 | G8: 0.036764706 | H8: 0.071428571 | I8: 0.11555556 | J8: 0.10416667 | K8: 0.125 | L8: 0.071856287 | M8: 0.039215686 | N8: 0.045454545 | O8: 0.046783626 | P8: 0.0051813472 | Q8: 0.070921986 | R8: 0.0875 | S8: 0.040540541 | T8: 0.11258278 | U8: 0.024390244 | V8: 0.083333333
A9: 8 | B9: G137Q | C9: 0.045454545 | D9: 0.016194332 | E9: 0.028037383 | F9: 0.028409091 | G9: 0.0098039216 | H9: 0 | I9: 0.016666667 | J9: 0.076923077 | K9: 0.0078125 | L9: 0.01459854 | M9: 0.0234375 | N9: 0.033333333 | O9: 0.045454545 | P9: 0.038461538 | Q9: 0.016949153 | R9: 0 | S9: 0.020408163 | T9: 0.01369863 | U9: 0.0070422535 | V9: 0.008797654
A10: 9 | B10: G137H | C10: 0.19347826 | D10: 0.24891462 | E10: 0.10781671 | F10: 0.27586207 | G10: 0.28571429 | H10: 0.17064846 | I10: 0.18512111 | J10: 0.15533981 | K10: 0.15279503 | L10: 0.24637681 | M10: 0.18854886 | N10: 0.23945783 | O10: 0.40181269 | P10: 0.25728155 | Q10: 0.15384615 | R10: 0.17738791 | S10: 0.2 | T10: 0.27565084 | U10: 0.32916667 | V10: 0.24626866
A11: 10 | B11: G137P | C11: 0.39421158 | D11: 0.27263581 | E11: 0.33953488 | F11: 0.29712644 | G11: 0.38535645 | H11: 0.22921914 | I11: 0.35722965 | J11: 0.26264591 | K11: 0.26715686 | L11: 0.29988194 | M11: 0.32389289 | N11: 0.27837259 | O11: 0.11203814 | P11: 0.13802817 | Q11: 0.1414791 | R11: 0.2230444 | S11: 0.36 | T11: 0.30161054 | U11: 0.26556017 | V11: 0.25041459
A12: 11 | B12: G137L | C12: 0.034666667 | D12: 0.078947368 | E12: 0.13872832 | F12: 0.078212291 | G12: 0.083333333 | H12: 0.075697211 | I12: 0.061135371 | J12: 0.04587156 | K12: 0.01396648 | L12: 0.088235294 | M12: 0.093137255 | N12: 0.033222591 | O12: 0.10837438 | P12: 0.097087379 | Q12: 0.040816327 | R12: 0.0625 | S12: 0.072727273 | T12: 0.055555556 | U12: 0.082051282 | V12: 0.03058104
A13: 12 | B13: G137E | C13: 0.1318408 | D13: 0.15384615 | E13: 0.038095238 | F13: 0.11131059 | G13: 0.1399177 | H13: 0.30601093 | I13: 0.24339839 | J13: 0.50193798 | K13: 0.33149171 | L13: 0.35102041 | M13: 0.074901445 | N13: 0.025641026 | O13: 0.17491749 | P13: 0.1 | Q13: 0.059602649 | R13: 0.15352697 | S13: 0.042253521 | T13: 0.060606061 | U13: 0.25287356 | V13: 0.12759644
... A15: 14 | B15: G137A | C15: 0.045882353 | D15: 0.096153846 | E15: 0.036093418 | F15: 0.043073341 | G15: 0.082969432 | H15: 0.092627599 | I15: 0.06581741 | J15: 0.034920635 | K15: 0.072763029 | L15: 0.027568922 | M15: 0.13129103 | N15: 0.11323642 | O15: 0.21818182 | P15: 0.13218391 | Q15: 0.031690141 | R15: 0.082954545 | S15: 0.094707521 | T15: 0.050505051 | U15: 0.14798206 | V15: 0.091212458
A16: 15 | B16: G137G | C16: 0 | D16: 0 | E16: 0.014705882 | F16: 0.021978022 | G16: 0 | H16: 0 | I16: 0 | J16: 0 | K16: 0 | L16: 0 | M16: 0 | N16: 0 | P16: 0.03030303 | Q16: 0 | R16: 0.038461538 | S16: 0 | T16: 0.060606061 | U16: 0 | V16: 0
A17: 16 | B17: G137V | C17: 0.096226415 | D17: 0.12452107 | E17: 0.17220544 | F17: 0.19565217 | G17: 0.15789474 | H17: 0.30223881 | I17: 0.082152975 | J17: 0.11783439 | K17: 0.18265683 | L17: 0.087640449 | M17: 0.22338831 | N17: 0.16432866 | O17: 0.34899329 | P17: 0.057377049 | Q17: 0.10734463 | R17: 0.21228304 | S17: 0.23970037 | T17: 0.19952494 | U17: 0.116 | V17: 0.20281124
A18: 17 | B18: G137_ | C18: 0.056195965 | D18: 0.11111111 | E18: 0.026726058 | F18: 0.084394904 | G18: 0.071691176 | H18: 0.094986807 | I18: 0.050847458 | J18: 0.098765432 | K18: 0.078431373 | L18: 0.058219178 | M18: 0.041899441 | N18: 0.10434783 | O18: 0.014184397 | P18: 0.021164021 | Q18: 0.028301887 | R18: 0.10964912 | S18: 0.085858586 | T18: 0.035897436 | U18: 0.047619048 | V18: 0.087264151
A19: 18 | B19: G137Y | C19: 0.135778 | D19: 0.13718622 | E19: 0.21313364 | F19: 0.11077236 | G19: 0.13772455 | H19: 0.31503378 | I19: 0.17655572 | J19: 0.21576763 | K19: 0.24132139 | L19: 0.28006088 | M19: 0.35885538 | N19: 0.26396761 | O19: 0.13616071 | P19: 0.1878453 | Q19: 0.07310705 | R19: 0.18458274 | S19: 0.28650138 | T19: 0.23719958 | U19: 0.1403118 | V19: 0.17631103
A20: 19 | B20: G137C | C20: 0.094170404 | D20: 0.1872705 | E20: 0.095115681 | F20: 0.13888889 | G20: 0.082568807 | H20: 0.25879917 | I20: 0.29963899 | J20: 0.57920792 | K20: 0.32458564 | L20: 0.25959781 | M20: 0.18084066 | N20: 0.24290484 | O20: 0.14222222 | P20: 0.18411552 | Q20: 0.081939799 | R20: 0.19246862 | S20: 0.12149533 | T20: 0.2039801 | U20: 0.19815668 | V20: 0.056726094
A21: 20 | B21: G137W | C21: 0.19093851 | D21: 0.13216561 | E21: 0.059190031 | F21: 0.094420601 | G21: 0.12745098 | H21: 0.12435233 | I21: 0.14539007 | J21: 0.24793388 | K21: 0.069105691 | L21: 0.11805556 | M21: 0.11641791 | N21: 0.11674009 | O21: 0.086092715 | P21: 0.18421053 | Q21: 0.062176166 | R21: 0.14285714 | S21: 0.29375 | T21: 0.13682093 | U21: 0.13291139 | V21: 0.155902
A22: 21 | B22: G137F | C22: 0.19773096 | D22: 0.13483146 | E22: 0.13767343 | F22: 0.17313916 | G22: 0.14246947 | H22: 0.10921502 | I22: 0.080508475 | J22: 0.16622691 | K22: 0.14069767 | L22: 0.1206544 | M22: 0.29485571 | N22: 0.1048951 | O22: 0.14146341 | P22: 0.22994652 | Q22: 0.24747475 | R22: 0.31015453 | S22: 0.25868726 | T22: 0.40069085 | U22: 0.25524476 | V22: 0.354
A23: 22 | B23: S138K | C23: 0 | D23: 0 | F23: 0 | G23: 0 | H23: 0 | I23: 0 | J23: 0 | K23: 0 | L23: 0 | M23: 0 | N23: 0 | O23: 0 | P23: 0 | Q23: 0 | R23: 0 | S23: 0 | T23: 0 | U23: 0 | V23: 0
A24: 23 | B24: S138N | C24: 0 | D24: 0 | E24: 0 | F24: 0 | G24: 0 | H24: 0 | I24: 0 | J24: 0.33333333 | K24: 0 | L24: 0 | M24: 0 | N24: 0 | O24: 0 | P24: 0 | R24: 0 | S24: 0 | T24: 0.035714286 | U24: 0 | V24: 0
A25: 24 | B25: S138T | C25: 0 | D25: 0 | F25: 0 | G25: 0 | H25: 0 | I25: 0 | L25: 0 | M25: 0 | N25: 0 | O25: 0 | P25: 0 | R25: 0 | V25: 0
A26: 25 | B26: S138R | C26: 0 | D26: 0 | E26: 0.010752688 | F26: 0 | G26: 0.0097087379 | H26: 0 | I26: 0 | K26: 0 | L26: 1 | N26: 0 | R26: 0 | S26: 0.0073529412 | T26: 0 | U26: 0 | V26: 0
A27: 26 | B27: S138S | C27: 0 | D27: 0 | E27: 0 | F27: 0 | G27: 0 | H27: 0 | J27: 0 | K27: 0 | L27: 0 | M27: 0 | N27: 0 | P27: 0 | Q27: 0 | R27: 0 | S27: 0 | T27: 0 | U27: 0 | V27: 0
A28: 27 | B28: S138I | D28: 0 | E28: 0 | H28: 0 | I28: 0 | J28: 0 | K28: 0 | L28: 0 | M28: 0 | N28: 0 | O28: 0 | Q28: 0 | R28: 0 | S28: 0 | U28: 0 | V28: 0
A29: 28 | B29: S138M | C29: 0 | D29: 0 | E29: 0 | F29: 0 | G29: 0 | H29: 0 | I29: 0 | J29: 0 | K29: 0 | L29: 0 | M29: 0 | N29: 0 | P29: 0 | Q29: 0 | R29: 0 | S29: 0 | T29: 0 | U29: 0 | V29: 0
A30: 29 | B30: S138Q | C30: 0 | D30: 0 | F30: 0 | G30: 0 | H30: 0 | I30: 0 | J30: 0 | K30: 0 | L30: 0 | M30: 0 | N30: 0 | O30: 0 | P30: 0 | Q30: 0.047619048 | R30: 0 | U30: 0 | V30: 0
A31: 30 | B31: S138H | C31: 0 | D31: 0 | E31: 0 | F31: 0 | G31: 0 | H31: 0 | I31: 0 | J31: 0 | L31: 0 | O31: 0 | R31: 0.076923077 | S31: 0 | T31: 0 | U31: 0 | V31: 0
A32: 31 | B32: S138P | C32: 0 | D32: 0 | F32: 0 | G32: 0 | I32: 0 | J32: 0 | L32: 1 | M32: 0 | N32: 0 | O32: 0 | P32: 0 | Q32: 0 | R32: 0 | S32: 0 | V32: 0
A33: 32 | B33: S138L | C33: 0 | D33: 0 | E33: 0 | F33: 0 | G33: 0 | H33: 0 | I33: 0 | K33: 0 | M33: 0 | N33: 0 | O33: 0 | P33: 0.5 | R33: 0 | S33: 0 | U33: 0 | V33: 0
A34: 33 | B34: S138E | C34: 0 | D34: 0 | E34: 0 | F34: 0 | G34: 0 | H34: 0 | I34: 0 | J34: 0 | K34: 0 | L34: 0.035714286 | M34: 0 | N34: 0 | O34: 0 | P34: 0 | Q34: 0 | S34: 0 | T34: 0 | U34: 0 | V34: 0
A35: 34 | B35: S138D | C35: 0 | D35: 0 | E35: 0 | F35: 0 | G35: 0 | H35: 0 | I35: 0 | J35: 0 | K35: 0 | L35: 0 | M35: 0 | N35: 0 | P35: 0 | Q35: 1 | R35: 0 | S35: 0 | T35: 0 | U35: 0 | V35: 0
A36: 35 | B36: S138A | C36: 0 | D36: 0 | E36: 0 | F36: 0 | H36: 0 | I36: 0 | K36: 0 | L36: 0 | M36: 0 | N36: 0 | P36: 0 | Q36: 0 | R36: 0 | S36: 0 | T36: 0.2 | U36: 0 | V36: 0
A37: 36 | B37: S138G | C37: 0 | D37: 0 | E37: 0 | F37: 0 | G37: 0 | H37: 0 | J37: 0 | M37: 0 | N37: 0 | Q37: 0 | R37: 0 | S37: 0 | T37: 0 | U37: 0 | V37: 0
A38: 37 | B38: S138V | C38: 0 | D38: 0 | E38: 0 | F38: 0 | G38: 0 | H38: 0 | I38: 0 | J38: 0 | K38: 0 | L38: 0 | M38: 0 | N38: 0 | O38: 0 | P38: 0 | Q38: 0 | R38: 0.047619048 | S38: 0 | T38: 0.043478261 | U38: 0 | V38: 0
A39: 38 | B39: S138_ | C39: 0 | D39: 0 | E39: 0 | F39: 0 | G39: 0 | H39: 0 | I39: 0 | J39: 0.015151515 | K39: 0 | L39: 0 | N39: 0 | O39: 0 | P39: 0 | V39: 0
A40: 39 | B40: S138Y | C40: 0.0125 | D40: 0 | E40: 0 | F40: 0 | G40: 0 | H40: 0 | I40: 0 | J40: 0 | K40: 0 | L40: 0 | M40: 0 | N40: 0 | O40: 0 | P40: 0 | Q40: 0 | R40: 0 | S40: 0 | T40: 0.055555556
A41: 40 | B41: S138C | C41: 0 | E41: 0 | F41: 0 | H41: 0 | I41: 0 | K41: 0 | L41: 0 | M41: 0 | N41: 0 | O41: 0 | P41: 0 | Q41: 0 | R41: 0 | T41: 0 | V41: 0
A42: 41 | B42: S138W | C42: 0 | D42: 0 | E42: 0 | F42: 0 | G42: 0 | H42: 0 | I42: 0 | J42: 0 | K42: 0 | L42: 0 | M42: 0 | N42: 0 | P42: 0 | Q42: 0 | S42: 0 | T42: 0 | U42: 0 | V42: 0
A43: 42 | B43: S138F | C43: 0 | D43: 0 | E43: 0 | F43: 0 | G43: 0 | H43: 0 | I43: 0 | J43: 0 | K43: 0 | L43: 0 | M43: 0 | N43: 0 | O43: 0 | P43: 0 | Q43: 0 | R43: 0 | T43: 0 | U43: 0 | V43: 0
A44: 43 | B44: D139K | C44: 0.055555556 | D44: 0.03030303 | E44: 0 | F44: 0.060606061 | G44: 0 | H44: 0 | I44: 0 | J44: 0 | K44: 0.2 | L44: 0 | M44: 0 | N44: 0.0081967213 | O44: 0 | P44: 0 | Q44: 0 | R44: 0 | S44: 0 | T44: 0 | U44: 0 | V44: 0
A45: 44 | B45: D139N | C45: 0 | D45: 0 | E45: 0.014492754 | F45: 0 | G45: 0 | H45: 0 | I45: 0 | J45: 0 | L45: 0 | M45: 0.083333333 | N45: 1 | O45: 0 | P45: 1 | Q45: 0 | R45: 0 | S45: 0 | T45: 0.086956522 | V45: 0
A46: 45 | B46: D139T | C46: 0 | D46: 0.074074074 | E46: 0 | F46: 1 | G46: 0 | H46: 0 | I46: 0.0070921986 | K46: 0 | L46: 0 | M46: 0.032786885 | N46: 0.043478261 | O46: 0.028571429 | P46: 0 | Q46: 0.066666667 | R46: 0 | S46: 0 | T46: 0.027777778 | U46: 0 | V46: 0.03125
A47: 46 | B47: D139R | C47: 0.010526316 | D47: 0 | E47: 0 | F47: 0 | G47: 0 | H47: 0 | I47: 0 | J47: 0 | K47: 0.016129032 | L47: 0 | M47: 0 | N47: 0 | O47: 0 | P47: 0 | Q47: 0 | R47: 0.0078125 | S47: 0 | T47: 0.014084507 | U47: 0 | V47: 0
A48: 47 | B48: D139S | C48: 0 | D48: 0 | E48: 0.039215686 | F48: 0 | G48: 0.019607843 | H48: 0 | I48: 0.025641026 | J48: 0 | K48: 0 | L48: 0 | M48: 0.044117647 | N48: 0.032258065 | O48: 0.047619048 | P48: 0.125 | R48: 0.019417476 | S48: 0 | T48: 0.049180328 | U48: 0 | V48: 0.011904762
A49: 48 | B49: D139I | C49: 0 | D49: 0 | E49: 0 | F49: 0 | G49: 0 | H49: 0.0086206897 | I49: 0 | J49: 0 | K49: 0 | L49: 0 | M49: 0 | N49: 0 | O49: 0.0064516129 | P49: 0 | Q49: 0 | R49: 0 | S49: 0.055555556 | T49: 0.045977011 | U49: 0 | V49: 0
A50: 49 | B50: D139M | C50: 0.018518519 | D50: 0.010752688 | E50: 0.010752688 | F50: 0 | G50: 0.0125 | H50: 0.03125 | I50: 0 | J50: 0.037037037 | K50: 0 | L50: 0.013333333 | M50: 0.015444015 | N50: 0.018292683 | O50: 0.02 | P50: 0 | Q50: 0 | R50: 0.014925373 | S50: 0.018181818 | T50: 0.0039525692 | U50: 0 | V50: 0
A51: 50 | B51: D139Q | C51: 0 | D51: 0.017241379 | E51: 0.014492754 | F51: 0 | H51: 0 | I51: 0 | K51: 0 | L51: 0 | M51: 0 | N51: 0 | R51: 0 | S51: 0 | T51: 0 | U51: 0 | V51: 0
A52: 51 | B52: D139H | C52: 0.0032102729 | D52: 0.0019455253 | E52: 0 | F52: 0 | G52: 0 | H52: 0 | I52: 0 | J52: 0 | K52: 0 | L52: 0 | M52: 0 | N52: 0 | O52: 0 | P52: 0 | Q52: 0 | R52: 0 | S52: 0 | T52: 0 | U52: 0 | V52: 0
A53: 52 | B53: D139P | C53: 0 | D53: 0 | E53: 0 | F53: 0 | G53: 0 | H53: 0 | I53: 0 | J53: 0 | K53: 0 | L53: 0 | M53: 0 | N53: 0 | O53: 0 | P53: 0 | R53: 0 | S53: 0 | T53: 0 | U53: 0 | V53: 0
A54: 53 | B54: D139L | C54: 0.0084745763 | D54: 0 | E54: 0 | F54: 0 | G54: 0 | H54: 0.023255814 | I54: 0 | K54: 0 | L54: 0.037037037 | M54: 0 | N54: 0 | O54: 0 | P54: 0.023255814 | Q54: 0 | R54: 0 | S54: 0 | T54: 0.034482759 | U54: 0 | V54: 0
A55: 54 | B55: D139E | C55: 0 | D55: 0.083333333 | F55: 0 | G55: 0 | H55: 0 | I55: 0.023809524 | J55: 0 | K55: 0.11111111 | L55: 0.04 | M55: 0.15384615 | N55: 0.72972973 | O55: 0.64444444 | P55: 0 | Q55: 0.33333333 | R55: 0 | S55: 0 | T55: 0 | U55: 0 | V55: 0
A56: 55 | B56: D139D | C56: 0.011976048 | D56: 0.005988024 | E56: 0 | F56: 0.0066225166 | G56: 0 | H56: 0.1 | I56: 0.14285714 | K56: 0.2 | L56: 0 | M56: 0.011904762 | N56: 0 | O56: 0 | P56: 0.043478261 | Q56: 0 | R56: 0.5 | T56: 0 | V56: 0
A57: 56 | B57: D139A | C57: 0 | D57: 0.017857143 | E57: 0 | F57: 0 | G57: 0 | H57: 0 | I57: 0 | J57: 0 | K57: 0 | L57: 1 | M57: 0 | N57: 0 | O57: 0 | P57: 0.0046728972 | Q57: 0 | R57: 0.0625 | U57: 0 | V57: 0
A58: 57 | B58: D139G | C58: 0 | D58: 0 | E58: 0.25 | F58: 0 | G58: 0 | H58: 0 | I58: 0 | J58: 0 | K58: 0 | L58: 0 | M58: 0 | N58: 0 | O58: 0 | P58: 0 | Q58: 0.0625 | R58: 0.5 | S58: 0 | T58: 0 | V58: 0.25
A59: 58 | B59: D139V | C59: 0.6984127 | D59: 0.63362069 | E59: 0.58008658 | F59: 0.89485459 | G59: 0.8474026 | H59: 0.2 | I59: 0 | J59: 1 | K59: 0.038461538 | L59: 0 | M59: 0.005952381 | N59: 0 | O59: 0.023809524 | P59: 0 | Q59: 0 | R59: 0 | S59: 0 | T59: 0.0022371365 | U59: 0 | V59: 0
A60: 59 | B60: D139_ | C60: 0.011904762 | D60: 0.0050632911 | E60: 0.0078740157 | F60: 0.022222222 | G60: 0.014423077 | H60: 0.043478261 | I60: 0.012195122 | J60: 0 | K60: 0.083333333 | L60: 0.011235955 | M60: 0 | N60: 0 | O60: 0 | P60: 0 | Q60: 0 | R60: 1 | S60: 0 | T60: 0 | U60: 0 | V60: 0
A61: 60 | B61: D139Y | C61: 0.011111111 | D61: 0 | E61: 0.04 | F61: 0 | G61: 0 | H61: 0 | I61: 0 | J61: 0 | K61: 0 | L61: 0 | M61: 0 | N61: 0.013157895 | O61: 0.041666667 | P61: 0 | R61: 0.04 | S61: 0 | T61: 0 | V61: 0.035714286
A62: 61 | B62: D139C | C62: 0.04137931 | D62: 0.02994012 | E62: 0.13043478 | F62: 0.036144578 | G62: 0.04109589 | H62: 0.01369863 | I62: 0.015873016 | J62: 0.016129032 | K62: 0.011976048 | L62: 0.017391304 | M62: 0.047008547 | N62: 0.029126214 | O62: 0 | P62: 0.049586777 | Q62: 0.014285714 | R62: 0.0073529412 | S62: 0.066666667 | T62: 0.0054054054 | U62: 0 | V62: 0.0080645161
A63: 62 | B63: D139W | C63: 0.01369863 | D63: 0.0053191489 | E63: 0 | F63: 0 | G63: 0.020408163 | H63: 0 | I63: 0.0047169811 | J63: 0 | K63: 0 | L63: 0.008 | M63: 0 | N63: 0 | O63: 0 | P63: 0 | Q63: 0 | R63: 0.0035460993 | S63: 0 | T63: 0.0014164306 | U63: 0 | V63: 0
A64: 63 | B64: D139F | C64: 0.024390244 | D64: 0 | E64: 0 | F64: 0.0070921986 | G64: 0 | H64: 0 | I64: 0 | K64: 0 | L64: 0.090909091 | M64: 0 | N64: 0.018181818 | P64: 0 | Q64: 0 | R64: 0.011627907 | S64: 0 | T64: 0.015384615 | U64: 0 | V64: 0
A65: 64 | B65: E140K | C65: 0.022222222 | D65: 0.0092592593 | E65: 0 | F65: 0 | G65: 0 | H65: 0 | I65: 0.013422819 | J65: 0 | K65: 0 | L65: 0 | M65: 0 | N65: 0 | O65: 0.25 | P65: 0 | Q65: 0 | R65: 0 | S65: 0 | T65: 0.0082644628 | U65: 0 | V65: 0
A66: 65 | B66: E140N | C66: 0.022082019 | D66: 0.035460993 | E66: 0 | F66: 0.021917808 | G66: 0.017857143 | H66: 0.17408907 | I66: 0.10153846 | J66: 0.23214286 | K66: 0.16190476 | L66: 0.094871795 | M66: 0.15708812 | N66: 0.087804878 | O66: 0.063636364 | P66: 0.10204082 | Q66: 0.073684211 | R66: 0.15277778 | S66: 0.19298246 | T66: 0.17410714 | U66: 0.30357143 | V66: 0.13257576
A67: 66 | B67: E140T | C67: 0.017964072 | D67: 0.012195122 | E67: 0.0099502488 | F67: 0.051282051 | G67: 0.025641026 | H67: 0.0055865922 | I67: 0.025723473 | J67: 0 | K67: 0.017509728 | L67: 0.01431127 | M67: 0.013493253 | N67: 0.009596929 | O67: 0 | P67: 0 | Q67: 0.0078534031 | R67: 0.0057915058 | S67: 0.042735043 | T67: 0.017738359 | U67: 0.03652968 | V67: 0.012430939
A68: 67 | B68: E140R | C68: 0 | D68: 0 | E68: 0.076923077 | F68: 0 | G68: 0 | H68: 0 | I68: 0 | J68: 0 | K68: 0 | L68: 0 | M68: 0 | N68: 0 | O68: 0 | P68: 0 | Q68: 0 | R68: 0 | S68: 0 | T68: 0 | V68: 0.03030303
A69: 68 | B69: E140S | C69: 0.012684989 | D69: 0.013129103 | E69: 0.011857708 | F69: 0.010380623 | G69: 0.021186441 | H69: 0.0083507307 | I69: 0.0155902 | J69: 0.016129032 | K69: 0.0074183976 | L69: 0.016587678 | M69: 0.0024038462 | N69: 0.014285714 | O69: 0.0046511628 | P69: 0.0060240964 | Q69: 0.026086957 | R69: 0.004415011 | S69: 0 | T69: 0.024647887 | U69: 0.019480519 | V69: 0.016317016
A70: 69 | B70: E140I | C70: 0.020214031 | D70: 0.016887817 | E70: 0.031830239 | F70: 0.029100529 | G70: 0.031690141 | H70: 0.017897092 | I70: 0.030395137 | J70: 0.0090497738 | K70: 0.0077922078 | L70: 0.058139535 | M70: 0.056 | N70: 0.02173913 | O70: 0.069364162 | P70: 0.047619048 | Q70: 0.055555556 | R70: 0.089171975 | S70: 0.03968254 | T70: 0.042471042 | U70: 0.052631579 | V70: 0.037383178
A71: 70 | B71: E140M | C71: 0.035714286 | D71: 0 | E71: 0 | F71: 0 | G71: 0.071428571 | H71: 0 | I71: 0 | J71: 0.5 | K71: 0 | L71: 0 | M71: 0.022099448 | N71: 0 | O71: 0 | P71: 0.014925373 | Q71: 0 | R71: 0.05 | S71: 0.0625 | T71: 0.046153846 | U71: 0 | V71: 0.045454545
A72: 71 | B72: E140Q | C72: 0.0058823529 | D72: 0 | E72: 0.0064102564 | F72: 0 | G72: 0 | H72: 0 | I72: 0 | J72: 0 | K72: 0 | L72: 0 | M72: 0 | N72: 0 | O72: 0 | P72: 0 | Q72: 0 | R72: 0 | S72: 0 | T72: 0.014705882 | U72: 0.020408163 | V72: 0
A73: 72 | B73: E140H | C73: 0.0035587189 | D73: 0.01826484 | E73: 0.0084745763 | F73: 0 | G73: 0.0079681275 | H73: 0.013888889 | I73: 0.014084507 | J73: 0 | K73: 0.013029316 | L73: 0.017777778 | M73: 0.0076775432 | N73: 0.0043859649 | O73: 0.012096774 | P73: 0.011904762 | Q73: 0.0050251256 | R73: 0.017064846 | S73: 0.0048309179 | T73: 0.009478673 | U73: 0.009478673 | V73: 0.0055172414
A74: 73 | B74: E140P | C74: 0.034188034 | D74: 0.045031056 | E74: 0.046783626 | F74: 0.049679487 | G74: 0.088607595 | H74: 0.063394683 | I74: 0.043348281 | J74: 0.030555556 | K74: 0.052419355 | L74: 0.041134752 | M74: 0.029874214 | N74: 0.059299191 | O74: 0.017241379 | P74: 0.040462428 | Q74: 0.013029316 | R74: 0.10416667 | S74: 0.036585366 | T74: 0.1097561 | U74: 0.10852713 | V74: 0.098557692
A75: 74 | B75: E140L | C75: 0 | D75: 0 | E75: 0.022727273 | F75: 0 | G75: 0 | H75: 0 | I75: 0 | J75: 0 | K75: 0 | L75: 0 | M75: 0 | N75: 0 | P75: 1 | R75: 0.038461538 | S75: 0 | T75: 0.071428571 | U75: 0 | V75: 0
A76: 75 | B76: E140E | C76: 0 | D76: 0.01529052 | E76: 0.0032051282 | F76: 0.0049875312 | G76: 0.0098684211 | H76: 0.0055096419 | I76: 0.0093240093 | J76: 0.019607843 | K76: 0.0038022814 | L76: 0.013245033 | M76: 0.014541387 | N76: 0.0034642032 | O76: 0.003992016 | P76: 0.013793103 | Q76: 0.012787724 | R76: 0.0098199673 | S76: 0 | T76: 0.0034642032 | U76: 0 | V76: 0.0086580087
A77: 76 | B77: E140D | C77: 0.0070707071 | D77: 0.0042238648 | E77: 0.0059760956 | F77: 0.004156276 | G77: 0.0038167939 | H77: 0.0021857923 | I77: 0.0054200542 | J77: 0 | K77: 0.003164557 | L77: 0.0023612751 | M77: 0.0024096386 | N77: 0.02173913 | O77: 0.023529412 | P77: 0 | Q77: 0 | R77: 0 | S77: 0 | T77: 0 | U77: 0 | V77: 0.0053191489
A78: 77 | B78: E140A | C78: 0.0037267081 | D78: 0.0011862396 | E78: 0.0076923077 | F78: 0.0012033694 | G78: 0 | H78: 0.0020590254 | I78: 0.0014044944 | J78: 0 | K78: 0.00082576383 | L78: 0 | M78: 0.0077594568 | N78: 0.0052539405 | O78: 0 | P78: 0.0026525199 | Q78: 0 | R78: 0.0011185682 | S78: 0.0067264574 | T78: 0.0057553957 | U78: 0 | V78: 0.0042598509
A79: 78 | B79: E140G | C79: 0.012345679 | D79: 0.016152717 | E79: 0.0096618357 | F79: 0.0065645514 | G79: 0.017006803 | H79: 0.028409091 | I79: 0.013492063 | J79: 0.0037878788 | K79: 0.012844037 | L79: 0.020460358 | M79: 0.0017652251 | N79: 0.0083432658 | O79: 0 | P79: 0.0086206897 | Q79: 0.034267913 | R79: 0.0074074074 | S79: 0.011952191 | T79: 0.0052493438 | U79: 0.019230769 | V79: 0.0081967213
A80: 79 | B80: E140V | C80: 0 | D80: 0 | E80: 0 | F80: 0.0054347826 | G80: 0.0051813472 | H80: 0.00456621 | I80: 0.0072992701 | J80: 0.055555556 | K80: 0.0048543689 | L80: 0.016129032 | M80: 0.0071428571 | N80: 0.0055248619 | O80: 0 | P80: 0 | Q80: 0 | R80: 0 | S80: 0.013888889 | T80: 0 | U80: 0 | V80: 0.013333333
A81: 80 | B81: E140_ | C81: 0 | D81: 0 | E81: 0 | F81: 0.00077579519 | G81: 0 | H81: 0 | I81: 0 | J81: 0 | K81: 0 | L81: 0 | M81: 0.0018761726 | N81: 0.0013280212 | O81: 0 | P81: 0.0036101083 | Q81: 0.0026041667 | R81: 0 | S81: 0 | T81: 0 | U81: 0 | V81: 0
A82: 81 | B82: E140Y | C82: 0.0028571429 | D82: 0.016 | E82: 0.011111111 | F82: 0.0051150895 | G82: 0.0060240964 | H82: 0.0073529412 | I82: 0.0041493776 | J82: 0 | K82: 0.018181818 | L82: 0.013513514 | M82: 0.0040322581 | N82: 0.0125 | O82: 0.042253521 | P82: 0 | Q82: 0.016393443 | R82: 0 | S82: 0 | T82: 0.0022573363 | U82: 0 | V82: 0
A83: 82 | B83: E140C | C83: 0.0065359477 | D83: 0.0065789474 | E83: 0 | F83: 0.016806723 | G83: 0.0070671378 | H83: 0.026666667 | I83: 0.014814815 | J83: 0.037037037 | K83: 0 | L83: 0 | M83: 0.0010204082 | N83: 0.00087796313 | O83: 0.0018050542 | P83: 0 | Q83: 0 | R83: 0.015706806 | S83: 0 | T83: 0.003649635 | U83: 0.0049019608 | V83: 0.0028490028
A84: 83 | B84: E140W | C84: 1 | D84: 0.1 | E84: 0.016129032 | F84: 0 | G84: 0 | H84: 0 | I84: 0 | J84: 0.058823529 | K84: 0 | L84: 0 | M84: 0 | N84: 0 | O84: 0.14285714 | P84: 0 | Q84: 0 | R84: 1 | U84: 0
A85: 84 | B85: E140F | C85: 0.033149171 | D85: 0.032679739 | E85: 0.031358885 | F85: 0.039106145 | G85: 0.056603774 | H85: 0.16511628 | I85: 0.13277311 | J85: 0.08988764 | K85: 0.12895377 | L85: 0.16286645 | M85: 0.078873239 | N85: 0.10047847 | O85: 0.03286385 | P85: 0.14 | Q85: 0.19753086 | R85: 0.049090909 | S85: 0.068181818 | T85: 0.019390582 | U85: 0.025925926 | V85: 0.042216359
A86: 85 | B86: A141K | C86: 0.58527132 | D86: 0.54401583 | E86: 0.52007299 | F86: 0.63845224 | G86: 0.51376147 | H86: 0.19206146 | I86: 0.239819 | J86: 0.340625 | K86: 0.25053763 | L86: 0.22362869 | M86: 0.29776675 | N86: 0.33522727 | O86: 0.15862069 | P86: 0.37297297 | Q86: 0.35576923 | R86: 0.30878187 | S86: 0.29166667 | T86: 0.30812325 | U86: 0.40990991 | V86: 0.29390018
A87: 86 | B87: A141N | C87: 0.048128342 | D87: 0.038345106 | E87: 0.061688312 | F87: 0.029572837 | G87: 0.040441176 | H87: 0.022346369 | I87: 0.045714286 | J87: 0.18181818 | K87: 0.059800664 | L87: 0.013089005 | M87: 0.056782334 | N87: 0.052401747 | O87: 0.10526316 | P87: 0.036036036 | Q87: 0.050847458 | R87: 0.02484472 | S87: 0.012195122 | T87: 0.011673152 | U87: 0.035294118 | V87: 0.023391813
A88: 87 | B88: A141T | C88: 0 | D88: 0 | E88: 0 | G88: 0 | H88: 0 | I88: 0 | J88: 0 | K88: 0 | L88: 0 | M88: 0.0094339623 | N88: 0 | O88: 0 | P88: 0 | Q88: 0 | R88: 0 | S88: 0 | T88: 0 | V88: 0
A89: 88 | B89: A141R | C89: 0.025862069 | D89: 0.093167702 | E89: 0.074074074 | F89: 0.21311475 | G89: 0.11578947 | H89: 0.0625 | I89: 0.039735099 | J89: 0.045454545 | K89: 0.078571429 | L89: 0.040462428 | M89: 0.032 | N89: 0.072222222 | O89: 0.078947368 | P89: 0.034482759 | Q89: 0.036363636 | R89: 0.038277512 | S89: 0.024390244 | T89: 0.041666667 | U89: 0.052631579 | V89: 0.04494382
A90: 89 | B90: A141S | C90: 0.052 | D90: 0.057692308 | E90: 0.046632124 | F90: 0.038356164 | G90: 0.068783069 | H90: 0.05787037 | I90: 0.080434783 | J90: 0.043859649 | K90: 0.059925094 | L90: 0.045936396 | M90: 0.087096774 | N90: 0.0625 | O90: 0.065843621 | P90: 0.076923077 | Q90: 0.041237113 | R90: 0.16593886 | S90: 0.067226891 | T90: 0.11691542 | U90: 0.064814815 | V90: 0.09118541
A91: 90 | B91: A141I | C91: 0.6 | D91: 0.55947955 | E91: 0.54385965 | F91: 0.75275591 | G91: 0.58041958 | H91: 0.5483871 | I91: 0.62984496 | J91: 0.33888889 | K91: 0.57175926 | L91: 0.35693215 | M91: 0.58657244 | N91: 0.76246334 | O91: 0.78835979 | P91: 0.51865672 | Q91: 0.50289017 | R91: 0.61938534 | S91: 0.53333333 | T91: 0.74414716 | U91: 0.72700297 | V91: 0.70229008
A92: 91 | B92: A141M | C92: 0.40174672 | D92: 0.49407115 | E92: 0.46698113 | F92: 0.32960894 | G92: 0.28025478 | H92: 0.43026706 | I92: 0.44977169 | J92: 0.74496644 | K92: 0.55392157 | L92: 0.5462963 | M92: 0.41743119 | N92: 0.20909091 | O92: 0.53488372 | P92: 0.35353535 | Q92: 0.041666667 | R92: 0.3962766 | S92: 0.6142132 | T92: 0.37272727 | U92: 0.51744186 | V92: 0.47732181
A93: 92 | B93: A141Q | C93: 0.21568627 | D93: 0.33532934 | E93: 0.21052632 | F93: 0.11162791 | G93: 0.2265625 | H93: 0.095652174 | I93: 0.1030303 | J93: 0.20930233 | K93: 0.40540541 | L93: 0.22330097 | M93: 0.12121212 | N93: 0.029661017 | O93: 0.066666667 | P93: 0.11940299 | Q93: 0.17857143 | R93: 0.27407407 | S93: 0.39189189 | T93: 0.17222222 | U93: 0.22764228 | V93: 0.25892857
A94: 93 | B94: A141H | C94: 0.10175055 | D94: 0.12732615 | E94: 0.07530648 | F94: 0.0743083 | G94: 0.088188976 | H94: 0.090132827 | I94: 0.086877828 | J94: 0.050505051 | K94: 0.032740879 | L94: 0.11674528 | M94: 0.086767896 | N94: 0.058530511 | O94: 0.13424658 | P94: 0.021978022 | Q94: 0.084070796 | R94: 0.083116883 | S94: 0.07183908 | T94: 0.026185421 | U94: 0.067692308 | V94: 0.063218391
A95: 94 | B95: A141P | C95: 0 | D95: 0 | E95: 0 | G95: 0 | H95: 0 | I95: 0 | K95: 0 | L95: 0 | Q95: 0 | T95: 0 | V95: 0
A96: 95 | B96: A141L | C96: 0.042553191 | D96: 0.084249084 | E96: 0.056074766 | F96: 0.07027027 | G96: 0.041666667 | H96: 0.2012987 | I96: 0.35897436 | J96: 0.19166667 | K96: 0.21036585 | L96: 0.16176471 | M96: 0.18831169 | N96: 0.5045045 | O96: 0.3255814 | P96: 0.44827586 | Q96: 0.20588235 | R96: 0.2 | S96: 0.28205128 | T96: 0.28571429 | U96: 0.1875 | V96: 0.25899281
A97: 96 | B97: A141E | C97: 0.048780488 | D97: 0.31132075 | E97: 0.15510204 | F97: 0.1451049 | G97: 0.30268199 | H97: 0.059347181 | I97: 0.12580645 | J97: 0.19724771 | K97: 0.039244186 | L97: 0.10431655 | M97: 0.67625899 | N97: 0.52360515 | O97: 0.43010753 | P97: 0.79069767 | Q97: 0.71028037 | R97: 0.33993399 | S97: 0.47368421 | T97: 0.4695122 | U97: 0.55471698 | V97: 0.59253945
A98: 97 | B98: A141D | C98: 0.053658537 | D98: 0.13284133 | E98: 0.094017094 | F98: 0.11981567 | G98: 0.084210526 | H98: 0.3125 | I98: 0.10091743 | J98: 0.14649682 | K98: 0.16666667 | L98: 0.07826087 | M98: 0.069387755 | N98: 0.054421769 | O98: 0.08 | P98: 0.033707865 | Q98: 0.035087719 | R98: 0.12162162 | S98: 0.13483146 | T98: 0.098130841 | U98: 0.16949153 | V98: 0.13302752
A99: 98 | B99: A141A | C99: 0.18181818 | D99: 0.21298701 | E99: 0.11913357 | F99: 0.23030303 | G99: 0.2037037 | H99: 0.15671642 | I99: 0.24302789 | J99: 0.165 | K99: 0.41558442 | L99: 0.29065744 | M99: 0.19565217 | N99: 0.27777778 | O99: 0.081081081 | P99: 0.15555556 | Q99: 0.25806452 | R99: 0.24110672 | S99: 0.36986301 | T99: 0.13551402 | U99: 0.11594203 | V99: 0.2962963
A100: 99 | B100: A141G | C100: 0.12 | D100: 0.05955335 | E100: 0.049689441 | F100: 0.12380952 | G100: 0.12195122 | H100: 0.062745098 | I100: 0.10140845 | J100: 0.053691275 | K100: 0.046480744 | L100: 0.069069069 | M100: 0.18018018 | N100: 0.11254019 | O100: 0.10169492 | P100: 0.10313901 | Q100: 0.043478261 | R100: 0.056603774 | S100: 0.072115385 | T100: 0.044596913 | U100: 0.033333333 | V100: 0.048302872
A101: 100 | B101: A141V | C101: 0.33391916 | D101: 0.48192771 | E101: 0.43457944 | F101: 0.38656527 | G101: 0.30789474 | H101: 0.3 | I101: 0.30997877 | J101: 0.125 | K101: 0.356102 | L101: 0.4599018 | M101: 0.65375303 | N101: 0.73623188 | O101: 0.35555556 | P101: 0.52121212 | Q101: 0.80555556 | R101: 0.5392562 | S101: 0.54098361 | T101: 0.32629108 | U101: 0.73856209 | V101: 0.63408521
...
